filename,class0,class1,class2,mean,mean,mean,mean,mean
BraTS2021_00006,0.077395365,0.08097805,0.059717573,0.07269699
