filename,class0,class1,class2,mean,mean,mean,mean,mean,mean
BraTS2021_00006,0.14039391,0.16918874,0.12170118,0.14376128
