filename,class0,class1,class2,mean,mean,mean,mean
BraTS2021_00006,0.00025850863,0.00071901147,0.00019000459,0.0003891749
