filename,class0,class1,class2,mean,mean,mean,mean
BraTS2021_00006,0.00015392594,0.0002536024,0.00055015355,0.0003192273
