filename,class0,class1,class2,mean,mean,mean,mean,mean
BraTS2021_00006,0.041918308,0.05738456,0.045974694,0.048425853
