filename,class0,class1,class2,mean,mean,mean,mean,mean
case_00236,0.12984875,0.14591463,0.06107231,0.11227857
