filename,class0,class1,class2,mean,mean,mean,mean
case_00236,0.00102104,0.001585855,0.0013602438,0.0013223797
