filename,class0,class1,class2,mean,mean,mean,mean,mean
BraTS2021_00006,0.05971756,0.0776935,0.07268454,0.07003187
