filename,class0,class1,class2,mean,mean,mean,mean
BraTS2021_00006,0.00019000434,0.00025649852,0.0006171028,0.0003545352
