filename,class0,class1,class2,mean,mean,mean,mean,mean,mean
BraTS2021_00006,0.12170106,0.14345114,0.14060801,0.13525341
