filename,class0,class1,class2,mean,mean,mean,mean
patient101_frame01.nii.gz,0.001146105,0.0013763424,0.0006470866,0.0010565113
