filename,class0,class1,class2,mean,mean,mean,mean
patient101_frame01.nii.gz,0.00085919845,0.0007634654,0.00042230648,0.0006816567
