filename,class0,class1,class2,mean,mean,mean,mean,mean
case_00236,0.033993006,0.085304976,0.20456448,0.10795415
