filename,class0,class1,class2,mean,mean,mean,mean
case_00236,0.0005998473,0.0006099199,0.00017484541,0.00046153754
