filename,class0,class1,class2,mean,mean,mean,mean,mean
case_00020,0.020147959,0.05543975,0.08432349,0.053303733
