filename,class0,class1,class2,mean,mean,mean,mean
case_00020,0.0003918131,0.00043532575,0.00016786782,0.0003316689
