filename,class0,class1,class2,mean,mean,mean,mean,mean,mean
BraTS2021_00006,0.09561187,0.10303899,0.0876307,0.095427185
