filename,class0,class1,class2,mean,mean,mean,mean
BraTS2021_00006,0.00016241202,0.00025701735,0.0005419707,0.0003204667
