filename,class0,class1,class2,mean,mean,mean,mean,mean
BraTS2021_00006,0.048134007,0.058054663,0.04327156,0.049820077
