filename,class0,class1,class2,mean,mean,mean,mean
case_00020,0.00043532575,0.0004854917,0.00027006792,0.0003969618
