filename,class0,class1,class2,mean,mean,mean,mean,mean
case_00020,0.05543976,0.055832602,0.019127535,0.04346663
