filename,class0,class1,class2,mean,mean,mean,mean
BraTS2021_00006,0.00026960243,0.00068320817,0.00016516182,0.00037265747
