filename,class0,class1,class2,mean,mean,mean,mean,mean
BraTS2021_00006,0.066184744,0.08047201,0.03986722,0.06217466
