filename,class0,class1,class2,mean,mean,mean,mean,mean,mean
BraTS2021_00006,0.13795899,0.16273284,0.08057243,0.12708808
