filename,class0,class1,class2,mean,mean,mean,mean,mean,mean
BraTS2021_00006,0.09566867,0.10206879,0.087559365,0.09509894
