filename,class0,class1,class2,mean,mean,mean,mean
BraTS2021_00006,0.00015707167,0.00025339634,0.0005384247,0.00031629758
