filename,class0,class1,class2,mean,mean,mean,mean,mean
BraTS2021_00006,0.048137676,0.05786113,0.043362796,0.049787205
