filename,class0,class1,class2,mean,mean,mean,mean,mean
case_00020,0.048491407,0.11647785,0.14264998,0.10253974
