filename,class0,class1,class2,mean,mean,mean,mean
case_00020,0.00080505793,0.00070573523,0.00018261225,0.00056446844
