filename,class0,class1,class2,mean,mean,mean,mean
patient101_frame01.nii.gz,0.00085919036,0.000763465,0.00042230662,0.000681654
