filename,class0,class1,class2,mean,mean,mean,mean,mean
BraTS2021_00006,0.059695344,0.045629174,0.036869306,0.04739794
