filename,class0,class1,class2,mean,mean,mean,mean,mean,mean
BraTS2021_00006,0.11099038,0.08230096,0.07008535,0.087792225
