filename,class0,class1,class2,mean,mean,mean,mean
BraTS2021_00006,0.0002457485,0.00055302057,0.00014900221,0.00031592374
