filename,class0,class1,class2,mean,mean,mean,mean
case_00236,0.00123806,0.0018253351,0.0017202374,0.0015945443
