filename,class0,class1,class2,mean,mean,mean,mean
case_00236,0.0007319238,0.0010210392,0.00065979635,0.00080425316
