filename,class0,class1,class2,mean,mean,mean,mean,mean
case_00236,0.045747127,0.12984873,0.34360003,0.1730653
