filename,class0,class1,class2,mean,mean,mean,mean
patient101_frame01.nii.gz,0.0014832877,0.0019992832,0.0008942128,0.0014589279
