filename,class0,class1,class2,mean,mean,mean,mean
case_00236,0.0006833395,0.0007049474,0.0008096322,0.00073263975
