filename,class0,class1,class2,mean,mean,mean,mean,mean
case_00236,0.06873007,0.07533856,0.051796824,0.065288484
