filename,class0,class1,class2,mean,mean,mean,mean,mean
case_00236,0.035514235,0.113798656,0.30630285,0.1518719
