filename,class0,class1,class2,mean,mean,mean,mean
case_00236,0.0004864532,0.0012380606,0.0007887893,0.00083776773
