filename,class0,class1,class2,mean,mean,mean,mean,mean
case_00236,0.023958016,0.054555453,0.120213054,0.06624218
