filename,class0,class1,class2,mean,mean,mean,mean
case_00236,0.0003756503,0.00040078931,8.3451334e-05,0.00028663033
