filename,class0,class1,class2,mean,mean,mean,mean,mean,mean
BraTS2021_00006,0.08057237,0.15399083,0.12852114,0.12102812
