filename,class0,class1,class2,mean,mean,mean,mean,mean
BraTS2021_00006,0.03986723,0.07568122,0.06532854,0.06029233
