filename,class0,class1,class2,mean,mean,mean,mean
BraTS2021_00006,0.00016516195,0.0002650074,0.00058254984,0.0003375731
