filename,class0,class1,class2,mean,mean,mean,mean
case_00236,0.0006547426,0.0007174337,0.00014755924,0.0005065785
