filename,class0,class1,class2,mean,mean,mean,mean,mean
case_00236,0.0367048,0.085209765,0.09885741,0.07359066
