filename,class0,class1,class2,mean,mean,mean,mean
BraTS2021_00006,0.0002863444,0.00080540654,0.00023299272,0.0004415812
