filename,class0,class1,class2,mean,mean,mean,mean,mean,mean
BraTS2021_00006,0.18451393,0.17744839,0.1631003,0.17502087
