filename,class0,class1,class2,mean,mean,mean,mean,mean
BraTS2021_00006,0.09812843,0.089498654,0.079581276,0.08906945
