filename,class0,class1,class2,class3,class4,class5,class6,class7,class8,class9,class10,class11,class12,class13,class14,mean,mean,mean,mean,mean,mean
amos_0008.nii.gz,0.028565899,0.023622215,0.033333957,0.04779178,0.076617315,0.050315738,0.057605065,0.03351453,0.033682525,0.058475673,0.056698084,0.056491673,0.08503854,0.08806276,0.0996331,0.055296592
