filename,class0,class1,class2,mean,mean,mean,mean
case_00236,0.00074312097,0.00068333914,0.00032344364,0.00058330124
