filename,class0,class1,class2,mean,mean,mean,mean,mean
case_00236,0.06314464,0.06873008,0.20271873,0.111531146
