filename,class0,class1,class2,mean,mean,mean,mean,mean,mean
BraTS2021_00006,0.03694588,0.06402463,0.038120985,0.04636383
