filename,class0,class1,class2,mean,mean,mean,mean
BraTS2021_00006,9.7654694e-05,0.0002268525,0.00036940112,0.00023130277
