filename,class0,class1,class2,mean,mean,mean,mean,mean
BraTS2021_00006,0.021610955,0.030977458,0.02262201,0.02507014
