filename,class0,class1,class2,mean,mean,mean,mean,mean
case_00236,0.13021092,0.1405256,0.05873301,0.109823175
