filename,class0,class1,class2,mean,mean,mean,mean
case_00236,0.0010673507,0.0015940231,0.0013712388,0.0013442043
