filename,class0,class1,class2,mean,mean,mean,mean
BraTS2021_00006,0.0002766844,0.0005881419,0.00015392569,0.000339584
