filename,class0,class1,class2,mean,mean,mean,mean,mean
BraTS2021_00006,0.06690438,0.052851282,0.04191836,0.053891342
