filename,class0,class1,class2,mean,mean,mean,mean,mean,mean
BraTS2021_00006,0.119956136,0.09790367,0.086764455,0.10154142
