filename,class0,class1,class2,mean,mean,mean,mean,mean
BraTS2021_00006,0.032554727,0.03255015,0.021355793,0.028820222
