filename,class0,class1,class2,mean,mean,mean,mean,mean,mean
BraTS2021_00006,0.059752762,0.056785405,0.03565234,0.05073017
