filename,class0,class1,class2,mean,mean,mean,mean
BraTS2021_00006,0.00010169586,0.0002285012,0.00035245612,0.00022755105
