filename,class0,class1,class2,mean,mean,mean,mean,mean
case_00236,0.09212482,0.11123302,0.050419904,0.08459258
