filename,class0,class1,class2,mean,mean,mean,mean
case_00236,0.0010608489,0.0015413498,0.0013868903,0.0013296963
