filename,class0,class1,class2,mean,mean,mean,mean,mean,mean
BraTS2021_00006,0.13782912,0.16197181,0.08075112,0.12685068
