filename,class0,class1,class2,mean,mean,mean,mean
BraTS2021_00006,0.0002645484,0.00067885045,0.0001596984,0.00036769907
