filename,class0,class1,class2,mean,mean,mean,mean,mean
BraTS2021_00006,0.06612099,0.0800553,0.039934795,0.062037025
