filename,class0,class1,class2,mean,mean,mean,mean
case_00236,0.0006847828,0.0011049439,0.0009913762,0.0009270343
