filename,class0,class1,class2,mean,mean,mean,mean,mean
case_00236,0.09239719,0.113079,0.055568904,0.08701503
