filename,class0,class1,class2,mean,mean,mean,mean
case_00020,0.00043545838,0.0004523505,0.0004519766,0.00044659516
