filename,class0,class1,class2,mean,mean,mean,mean,mean
case_00020,0.07662534,0.06033945,0.024348248,0.053771015
