filename,class0,class1,class2,class3,class4,class5,class6,class7,class8,class9,class10,class11,class12,class13,class14,mean,mean,mean,mean,mean,mean
amos_0008.nii.gz,0.028585121,0.023640215,0.03238827,0.048041016,0.076796494,0.050401688,0.057970487,0.033370852,0.033997446,0.058557138,0.05696252,0.05619377,0.085000455,0.08851457,0.099627614,0.05533651
