filename,class0,class1,class2,mean,mean,mean,mean
BraTS2021_00006,0.00023793784,0.00040477008,0.00010160393,0.00024810396
