filename,class0,class1,class2,mean,mean,mean,mean,mean
BraTS2021_00006,0.042779677,0.032010518,0.032513462,0.035767887
