filename,class0,class1,class2,mean,mean,mean,mean,mean,mean
BraTS2021_00006,0.08121898,0.0600456,0.05957389,0.06694616
