filename,class0,class1,class2,mean,mean,mean,mean,mean
BraTS2021_00006,0.035659283,0.030331293,0.021793272,0.029261282
