filename,class0,class1,class2,mean,mean,mean,mean,mean,mean
BraTS2021_00006,0.06997597,0.057177365,0.037145674,0.05476634
