filename,class0,class1,class2,mean,mean,mean,mean
BraTS2021_00006,0.0002443909,0.00040654824,0.00010170734,0.00025088215
