filename,class0,class1,class2,mean,mean,mean,mean,mean
BraTS2021_00006,0.037422173,0.029666465,0.018231373,0.028440004
