filename,class0,class1,class2,mean,mean,mean,mean
BraTS2021_00006,0.00024088856,0.0004065061,9.329087e-05,0.0002468952
