filename,class0,class1,class2,mean,mean,mean,mean,mean,mean
BraTS2021_00006,0.073052704,0.055718064,0.03194821,0.053572994
