filename,class0,class1,class2,mean,mean,mean,mean
case_00020,0.00070573535,0.00083071564,0.0005286981,0.00068838306
