filename,class0,class1,class2,mean,mean,mean,mean,mean
case_00020,0.11647786,0.111432694,0.047714416,0.09187499
