filename,class0,class1,class2,mean,mean,mean,mean,mean
case_00236,0.031638406,0.092124805,0.30607945,0.14328088
