filename,class0,class1,class2,mean,mean,mean,mean
case_00236,0.00044762835,0.0010608477,0.0007322189,0.0007468983
