filename,class0,class1,class2,mean,mean,mean,mean,mean
case_00236,0.08520977,0.083124295,0.036729507,0.068354525
