filename,class0,class1,class2,mean,mean,mean,mean
case_00236,0.00071743265,0.0007064499,0.0005161941,0.00064669224
