filename,class0,class1,class2,mean,mean,mean,mean,mean,mean
BraTS2021_00006,0.118112996,0.09518325,0.09566867,0.1029883
