filename,class0,class1,class2,mean,mean,mean,mean,mean
BraTS2021_00006,0.067775264,0.050904464,0.048137672,0.0556058
