filename,class0,class1,class2,mean,mean,mean,mean
BraTS2021_00006,0.00027701142,0.00058114575,0.00015707278,0.00033841
