filename,class0,class1,class2,mean,mean,mean,mean
BraTS2021_00006,0.00010170732,0.00023060985,0.00037160824,0.00023464179
