filename,class0,class1,class2,mean,mean,mean,mean,mean,mean
BraTS2021_00006,0.037145674,0.06447023,0.038075507,0.046563804
