filename,class0,class1,class2,mean,mean,mean,mean,mean
BraTS2021_00006,0.02179328,0.031190556,0.022428742,0.025137527
