filename,class0,class1,class2,mean,mean,mean,mean,mean
case_00236,0.014685916,0.09239719,0.27893725,0.12867345
