filename,class0,class1,class2,mean,mean,mean,mean
case_00236,0.0003249587,0.0006847833,0.0006196697,0.00054313726
