filename,class0,class1,class2,mean,mean,mean,mean
BraTS2021_00006,0.00014900201,0.0002287645,0.00047966337,0.00028580995
