filename,class0,class1,class2,mean,mean,mean,mean,mean
BraTS2021_00006,0.0368693,0.053379852,0.038876284,0.04304181
