filename,class0,class1,class2,mean,mean,mean,mean,mean,mean
BraTS2021_00006,0.07008535,0.101154394,0.08180047,0.084346734
