filename,class0,class1,class2,mean,mean,mean,mean
case_00236,0.00073245587,0.0010676129,0.0005965262,0.000798865
