filename,class0,class1,class2,mean,mean,mean,mean,mean
case_00236,0.04694415,0.13025163,0.33557028,0.17092203
