filename,class0,class1,class2,mean,mean,mean,mean
patient101_frame01.nii.gz,0.0016043838,0.002077419,0.0009363308,0.001539378
