filename,class0,class1,class2,mean,mean,mean,mean,mean
case_00020,0.0137284845,0.07662533,0.060463388,0.0502724
