filename,class0,class1,class2,mean,mean,mean,mean
case_00020,0.00032498428,0.00043545847,0.0001291436,0.00029652877
