filename,class0,class1,class2,mean,mean,mean,mean,mean
BraTS2021_00006,0.03565837,0.030669352,0.02161097,0.029312896
