filename,class0,class1,class2,mean,mean,mean,mean
BraTS2021_00006,0.00024026855,0.00040810436,9.765487e-05,0.00024867593
