filename,class0,class1,class2,mean,mean,mean,mean,mean,mean
BraTS2021_00006,0.06991142,0.058138072,0.03694594,0.054998476
