filename,class0,class1,class2,mean,mean,mean,mean,mean,mean
BraTS2021_00006,0.031948328,0.06257576,0.035008013,0.043177366
