filename,class0,class1,class2,mean,mean,mean,mean,mean
BraTS2021_00006,0.01823138,0.031393535,0.021329597,0.023651505
