filename,class0,class1,class2,mean,mean,mean,mean
BraTS2021_00006,9.329241e-05,0.00022768702,0.0003664363,0.00022913858
