filename,class0,class1,class2,mean,mean,mean,mean
case_00236,0.00060992036,0.00065666577,0.00040415762,0.0005569146
