filename,class0,class1,class2,mean,mean,mean,mean,mean
case_00236,0.085304976,0.0895641,0.03743413,0.07076774
