filename,class0,class1,class2,mean,mean,mean,mean,mean
BraTS2021_00006,0.039935596,0.07535012,0.065042034,0.060109247
