filename,class0,class1,class2,mean,mean,mean,mean
BraTS2021_00006,0.00015970592,0.0002610159,0.0005785162,0.00033307937
