filename,class0,class1,class2,mean,mean,mean,mean,mean,mean
BraTS2021_00006,0.08084118,0.15300286,0.12835968,0.12073457
