filename,class0,class1,class2,mean,mean,mean,mean
patient101_frame01.nii.gz,0.001159724,0.0013905937,0.00064559106,0.001065303
