filename,class0,class1,class2,class3,class4,class5,class6,class7,class8,class9,class10,class11,class12,class13,class14,mean,mean,mean,mean,mean
amos_0008.nii.gz,0.04701344,0.01714858,0.020642027,0.059194542,0.05759892,0.036435664,0.059586756,0.03719031,0.04026586,0.068968,0.07225546,0.06463892,0.064169966,0.052068185,0.08579378,0.05219803
