filename,class0,class1,class2,mean,mean,mean,mean,mean
BraTS2021_00006,0.079580985,0.09352438,0.08196731,0.085024215
