filename,class0,class1,class2,mean,mean,mean,mean
BraTS2021_00006,0.0002329926,0.00028216708,0.0006734399,0.00039619984
