filename,class0,class1,class2,mean,mean,mean,mean,mean
BraTS2021_00006,0.06786987,0.050792325,0.04813401,0.055598736
