filename,class0,class1,class2,mean,mean,mean,mean
BraTS2021_00006,0.00028264883,0.0005826113,0.000162412,0.00034255735
