filename,class0,class1,class2,mean,mean,mean,mean,mean,mean
BraTS2021_00006,0.11847386,0.09494567,0.09561187,0.10301047
