filename,class0,class1,class2,mean,mean,mean,mean,mean
case_00236,0.054583527,0.055604123,0.028234353,0.046140667
