filename,class0,class1,class2,mean,mean,mean,mean
case_00236,0.00040100593,0.00038585215,0.00040465314,0.00039717043
